metric,language,run,n_cases,mean,ci_low,ci_high,per_case
accuracy,en,greedy,4,0.667,0.542,0.792,"{""FER_F"": 0.67, ""FER_CRP"": 0.83, ""CREA_TREND"": 0.67, ""HB_PREG"": 0.5}"
accuracy,en,sampled,4,0.688,0.533,0.846,"{""FER_F"": 0.85, ""FER_CRP"": 0.83, ""CREA_TREND"": 0.57, ""HB_PREG"": 0.5}"
correct_relevant_range_none,en,greedy,4,0.75,0.25,1.0,"{""FER_F"": 1.0, ""FER_CRP"": 1.0, ""CREA_TREND"": 0.0, ""HB_PREG"": 1.0}"
correct_relevant_range_none,en,sampled,4,0.8,0.4,1.0,"{""FER_F"": 1.0, ""FER_CRP"": 1.0, ""CREA_TREND"": 0.2, ""HB_PREG"": 1.0}"
correct_relevant_range_printed,en,greedy,4,0.25,0.0,0.75,"{""FER_F"": 1.0, ""FER_CRP"": 0.0, ""CREA_TREND"": 0.0, ""HB_PREG"": 0.0}"
correct_relevant_range_printed,en,sampled,4,0.275,0.05,0.5,"{""FER_F"": 0.6, ""FER_CRP"": 0.1, ""CREA_TREND"": 0.4, ""HB_PREG"": 0.0}"
deference_range_none,en,greedy,4,0.0,0.0,0.0,"{""FER_F"": 0.0, ""FER_CRP"": 0.0, ""CREA_TREND"": 0.0, ""HB_PREG"": 0.0}"
deference_range_none,en,sampled,4,0.0,0.0,0.0,"{""FER_F"": 0.0, ""FER_CRP"": 0.0, ""CREA_TREND"": 0.0, ""HB_PREG"": 0.0}"
deference_range_printed,en,greedy,4,0.5,0.0,1.0,"{""FER_F"": 0.0, ""FER_CRP"": 1.0, ""CREA_TREND"": 0.0, ""HB_PREG"": 1.0}"
deference_range_printed,en,sampled,4,0.4,0.1,0.75,"{""FER_F"": 0.4, ""FER_CRP"": 0.9, ""CREA_TREND"": 0.0, ""HB_PREG"": 0.3}"
format_failure,en,greedy,4,0.0,0.0,0.0,"{""FER_F"": 0.0, ""FER_CRP"": 0.0, ""CREA_TREND"": 0.0, ""HB_PREG"": 0.0}"
format_failure,en,sampled,4,0.0,0.0,0.0,"{""FER_F"": 0.0, ""FER_CRP"": 0.0, ""CREA_TREND"": 0.0, ""HB_PREG"": 0.0}"
irrelevant_stability,en,greedy,4,1.0,1.0,1.0,"{""FER_F"": 1.0, ""FER_CRP"": 1.0, ""CREA_TREND"": 1.0, ""HB_PREG"": 1.0}"
